,Chi2,Pesaran,Portmanteau1,Portmanteau3,Portmanteau5,MSPE_r,MSPE_sigma
0,0.0,0.0,0.0,0.0,0.0,0.0,0.0
1,120.64824047033802,6.264086043354485,242371.10479099833,602374.367415353,1059641.5862547082,0.0005447967004611556,4.994928857799577e-07
2,1644.1526132887448,3.2363726596860363,213784.2659450655,650985.0594804286,1194292.1152379657,0.0005448137033522573,5.010677121489642e-07
