,Depth,Neurons,Chi2,Pesaran,Portmanteau1,Portmanteau3,Portmanteau5
0,1.0,80.0,2.667229086159038,-1.7523048674350516,114784480.3379046,184232335.23914444,293050764.97172934
